<?xml version='1.0' encoding='UTF-8' standalone='no'?>
<doxygenindex xmlns:xsi="http://www.w3.org/2001/XMLSchema-instance" xsi:noNamespaceSchemaLocation="index.xsd" version="1.9.1" xml:lang="en-US">
  <compound refid="calculator__front_8c" kind="file"><name>calculator_front.c</name>
    <member refid="calculator__front_8c_1a977faf512b3cce7ff1253ea51dfd7d81" kind="define"><name>IS_NUM</name></member>
    <member refid="calculator__front_8c_1ad2976e6305281f5aadf27d4356a397b6" kind="define"><name>ASCII_TO_NUM</name></member>
    <member refid="calculator__front_8c_1a7bb718ca187303875a4669e9dda50ab7" kind="function"><name>read_number_stdin</name></member>
    <member refid="calculator__front_8c_1a5bb0a1040b612efad2163e7f35d2554a" kind="function"><name>divide_by_10_n_times</name></member>
    <member refid="calculator__front_8c_1a943559f6db96f9f604d44e1e47f58c67" kind="function"><name>parse_input</name></member>
    <member refid="calculator__front_8c_1a3518f70aefc3425321fb11a873583483" kind="function"><name>print_calculator_tips</name></member>
    <member refid="calculator__front_8c_1a0787877a67777cda173b9fc2766ac65d" kind="function"><name>print_operators</name></member>
    <member refid="calculator__front_8c_1ad43229862c96d5558c5a6a30df5a3fbd" kind="function"><name>print_operation_result</name></member>
    <member refid="calculator__front_8c_1abc40cd622f423abf44084c8f8595f57f" kind="function"><name>clear_screen</name></member>
    <member refid="calculator__front_8c_1ad28147e4bdcc806db622550f264e57d5" kind="function"><name>flush_stdin</name></member>
  </compound>
  <compound refid="calculator__front_8h" kind="file"><name>calculator_front.h</name>
    <member refid="calculator__front_8h_1a0742eaeef55ee5d7c250920d24c44f2c" kind="define"><name>OPERATOR_NOT_FOUND</name></member>
    <member refid="calculator__front_8h_1a943559f6db96f9f604d44e1e47f58c67" kind="function"><name>parse_input</name></member>
    <member refid="calculator__front_8h_1a3518f70aefc3425321fb11a873583483" kind="function"><name>print_calculator_tips</name></member>
    <member refid="calculator__front_8h_1a0787877a67777cda173b9fc2766ac65d" kind="function"><name>print_operators</name></member>
    <member refid="calculator__front_8h_1ad43229862c96d5558c5a6a30df5a3fbd" kind="function"><name>print_operation_result</name></member>
    <member refid="calculator__front_8h_1abc40cd622f423abf44084c8f8595f57f" kind="function"><name>clear_screen</name></member>
    <member refid="calculator__front_8h_1ad28147e4bdcc806db622550f264e57d5" kind="function"><name>flush_stdin</name></member>
  </compound>
  <compound refid="main_8c" kind="file"><name>main.c</name>
    <member refid="main_8c_1a30892ce590446910ea3159e79f2f31f3" kind="define"><name>MAX_OPERATORS</name></member>
    <member refid="main_8c_1a55ac6ef9c85525970be8095f53bb61e1" kind="define"><name>EXIT_CHAR</name></member>
    <member refid="main_8c_1ad953081808cd2157c3e3c2154c0028d0" kind="define"><name>HELP_CHAR</name></member>
    <member refid="main_8c_1a92ab67a2bd99b3a1f840258f0e39d6cc" kind="define"><name>SUM_CHAR</name></member>
    <member refid="main_8c_1ad076594cac1704aa54d7dec4ae0cdfa0" kind="define"><name>SUBS_CHAR</name></member>
    <member refid="main_8c_1a439522f32e6ae47ed931006e870ae829" kind="define"><name>DIV_CHAR</name></member>
    <member refid="main_8c_1a199270bd107c27fb585c3d1dc8bcd0eb" kind="define"><name>PROD_CHAR</name></member>
    <member refid="main_8c_1ac8bbff2acc59ee28d07e64115067653f" kind="define"><name>POW_CHAR</name></member>
    <member refid="main_8c_1ade3b7e0f1dfb9ff2a924b311e81c3978" kind="define"><name>FACT_CHAR</name></member>
    <member refid="main_8c_1a81468e975b731555b779e56ffd2ae4a3" kind="define"><name>SIN_CHAR</name></member>
    <member refid="main_8c_1ae3f20f389ec84487be54dbd4577eff4f" kind="define"><name>COS_CHAR</name></member>
    <member refid="main_8c_1a9df18d35580a7d56e769717cc94bbf11" kind="define"><name>TAN_CHAR</name></member>
    <member refid="main_8c_1a81054e8cd529a75320b2fa9c55fde6d6" kind="define"><name>ASIN_CHAR</name></member>
    <member refid="main_8c_1a790b383129074e0e6d5c3a746926873c" kind="define"><name>ACOS_CHAR</name></member>
    <member refid="main_8c_1a91760d1ccad36dfafd8c2995ccacd7ca" kind="define"><name>ATAN_CHAR</name></member>
    <member refid="main_8c_1a5278fef9d11d8adad50c93146ae9312b" kind="variable"><name>actions</name></member>
    <member refid="main_8c_1a72b1e1e4e69b91f15c2d5b9b09aedb43" kind="variable"><name>operators</name></member>
    <member refid="main_8c_1a8fb26976d3cfd2e8eaeff340ba9a2e46" kind="function"><name>find_operator</name></member>
    <member refid="main_8c_1a965dd2a0135feedf149965b2fba5f861" kind="function"><name>add_operation</name></member>
    <member refid="main_8c_1ac785bbcb0a916d38d0eea3cd64b9d174" kind="function"><name>integer_power_wrapper</name></member>
    <member refid="main_8c_1aa738137b9ad5c17ecb204845fc2c591f" kind="function"><name>factorial_wrapper</name></member>
    <member refid="main_8c_1ae6271594ff3d328bc3eaca1d1dacbd8c" kind="function"><name>sin_wrapper</name></member>
    <member refid="main_8c_1a56e3f777c97a79830170044350559f69" kind="function"><name>cos_wrapper</name></member>
    <member refid="main_8c_1a840291bc02cba5474a4cb46a9b9566fe" kind="function"><name>main</name></member>
  </compound>
  <compound refid="operations_8c" kind="file"><name>operations.c</name>
    <member refid="operations_8c_1a63353134e11696b5574869e3df0a0f89" kind="define"><name>TAYLOR_TERMS</name></member>
    <member refid="operations_8c_1af0366b84aa0c8db18a5214dfb2fbc3ad" kind="function"><name>deg_to_rad</name></member>
    <member refid="operations_8c_1a4af89ba3fc48eadef360df9bfa233991" kind="function"><name>deg_to_first_cycle</name></member>
    <member refid="operations_8c_1aa696b61cebd54eea6ae72f2da02ed1d5" kind="function"><name>sum</name></member>
    <member refid="operations_8c_1a1755e84ac77d088cbdf6625193039b4e" kind="function"><name>substraction</name></member>
    <member refid="operations_8c_1a5eb1fb5a402a348e8c431bd811653a34" kind="function"><name>division</name></member>
    <member refid="operations_8c_1aff47c73e752280f9873b8fe428ca55a8" kind="function"><name>product</name></member>
    <member refid="operations_8c_1a6826b74edd12867f0ddd9e85f0e686f4" kind="function"><name>integer_power</name></member>
    <member refid="operations_8c_1a3be967db2043b681fb909184816a2531" kind="function"><name>sin</name></member>
    <member refid="operations_8c_1a7a7d08a90f118f85aae24f1ed5a2b04f" kind="function"><name>cos</name></member>
    <member refid="operations_8c_1ac97d6387086b6fd0b299393d23da9e64" kind="function"><name>factorial</name></member>
  </compound>
  <compound refid="operations_8h" kind="file"><name>operations.h</name>
    <member refid="operations_8h_1a598a3330b3c21701223ee0ca14316eca" kind="define"><name>PI</name></member>
    <member refid="operations_8h_1aa696b61cebd54eea6ae72f2da02ed1d5" kind="function"><name>sum</name></member>
    <member refid="operations_8h_1a1755e84ac77d088cbdf6625193039b4e" kind="function"><name>substraction</name></member>
    <member refid="operations_8h_1a5eb1fb5a402a348e8c431bd811653a34" kind="function"><name>division</name></member>
    <member refid="operations_8h_1aff47c73e752280f9873b8fe428ca55a8" kind="function"><name>product</name></member>
    <member refid="operations_8h_1ac6c9daa41b5ad2f50e0a87fd0dcfd45f" kind="function"><name>integer_power</name></member>
    <member refid="operations_8h_1a3be967db2043b681fb909184816a2531" kind="function"><name>sin</name></member>
    <member refid="operations_8h_1a7a7d08a90f118f85aae24f1ed5a2b04f" kind="function"><name>cos</name></member>
    <member refid="operations_8h_1a50dc6b4d257d704c737844d667ef07ca" kind="function"><name>factorial</name></member>
  </compound>
</doxygenindex>
