<?xml version='1.0' encoding='UTF-8' standalone='no'?>
<book xmlns="http://docbook.org/ns/docbook" version="5.0" xmlns:xlink="http://www.w3.org/1999/xlink" xml:id="_index" xml:lang="en-US">
    <info>
    <title>Calculator</title>
    </info>
<chapter>
    <title>File Documentation</title>
    <xi:include href="calculator__front_8c.xml" xmlns:xi="http://www.w3.org/2001/XInclude"/>
    <xi:include href="calculator__front_8h.xml" xmlns:xi="http://www.w3.org/2001/XInclude"/>
    <xi:include href="main_8c.xml" xmlns:xi="http://www.w3.org/2001/XInclude"/>
    <xi:include href="operations_8c.xml" xmlns:xi="http://www.w3.org/2001/XInclude"/>
    <xi:include href="operations_8h.xml" xmlns:xi="http://www.w3.org/2001/XInclude"/>
</chapter>
<index/>
</book>
