<?xml version='1.0' encoding='UTF-8' standalone='no'?>
<section xmlns="http://docbook.org/ns/docbook" version="5.0" xmlns:xlink="http://www.w3.org/1999/xlink" xml:id="_main_8c" xml:lang="en-US">
<title>main.c File Reference</title>
<indexterm><primary>main.c</primary></indexterm>
<para>

<para>Plays Conway&apos;s Game of Life. </para>
 
</para>
<programlisting>#include &lt;stdio.h&gt;
#include &quot;helper_functions.h&quot;
#include &quot;conway.h&quot;
</programlisting><simplesect>
    <title>Functions    </title>
        <itemizedlist>
            <listitem><para>int <link linkend="_main_8c_1a840291bc02cba5474a4cb46a9b9566fe">main</link> (void)</para>

<para>Main function. </para>
</listitem>
        </itemizedlist>
</simplesect>
<section>
<title>Detailed Description</title>

<para>Plays Conway&apos;s Game of Life. </para>

<para><informaltable frame='bottom'><tgroup cols='1'><colspec align='center'/><tbody><row><entry align='center'>
</entry></row></tbody></tgroup></informaltable>
</para>

<para><formalpara><title>Author</title>

<para>Grupo 7 </para>
</formalpara>
</para>
</section>
<section>
<title>Function Documentation</title>
<anchor xml:id="_main_8c_1a840291bc02cba5474a4cb46a9b9566fe"/>    <section>
    <title>main()</title>
<indexterm><primary>main</primary><secondary>main.c</secondary></indexterm>
<indexterm><primary>main.c</primary><secondary>main</secondary></indexterm>
<para><computeroutput>int main (void )</computeroutput></para><para>

<para>Main function. </para>
</para>
</section>
</section>
</section>
