<?xml version='1.0' encoding='UTF-8' standalone='no'?>
<section xmlns="http://docbook.org/ns/docbook" version="5.0" xmlns:xlink="http://www.w3.org/1999/xlink" xml:id="_conway_8h" xml:lang="en-US">
<title>conway.h File Reference</title>
<indexterm><primary>conway.h</primary></indexterm>
<para>

<para>Implements Conway&apos;s game of life. </para>
 
</para>
<simplesect>
    <title>Macros    </title>
        <itemizedlist>
            <listitem><para>#define <link linkend="_conway_8h_1a16d30947295d26898d1b13f10fb9b2ec">WORLD_WIDTH</link>   25</para>

<para>Ancho del mundo. Número de columnas. </para>
</listitem>
            <listitem><para>#define <link linkend="_conway_8h_1a7745e192058dc5174a4cbf59392603d4">WORLD_HEIGHT</link>   15</para>

<para>Altura del mundo. Número de filas. </para>
</listitem>
            <listitem><para>#define <link linkend="_conway_8h_1ae2fe5fdcfc827edaf0ec166503046852">OUTSIDE_STATE</link>   <link linkend="_conway_8h_1a3c8793c7acb4598d2ebcd8288f29ee69">DEAD</link></para>

<para>Estado de las celdas del borde externo. </para>
</listitem>
            <listitem><para>#define <link linkend="_conway_8h_1af389ca69162561df905b9ed23fa1b439">ALIVE_CHAR</link>   &apos;*&apos;</para>

<para>Caracter que representa una celda viva. </para>
</listitem>
            <listitem><para>#define <link linkend="_conway_8h_1a1e50cf7b88288775430bb0f360db5bf6">DEAD_CHAR</link>   &apos; &apos;</para>

<para>Caracter que representa una celda muerta. </para>
</listitem>
            <listitem><para>#define <link linkend="_conway_8h_1af68c3a5ad6ffce6c97fff154856a823d">SEPARATOR</link>   &apos;|&apos;</para>

<para>Separador de columnas. </para>
</listitem>
            <listitem><para>#define <link linkend="_conway_8h_1ad8beef706da0344be19d59438fcdab6d">ALIVE</link>   1</para>

<para>Valor interno de una celda viva. </para>
</listitem>
            <listitem><para>#define <link linkend="_conway_8h_1a3c8793c7acb4598d2ebcd8288f29ee69">DEAD</link>   0</para>

<para>Valor interno de una celda muerta. </para>
</listitem>
        </itemizedlist>
</simplesect>
<simplesect>
    <title>Functions    </title>
        <itemizedlist>
            <listitem><para>int <link linkend="_conway_8h_1a01e6a6d0941ab0d3c7f5888f9c86ca8a">read_generations</link> (void)</para>

<para>Reads an unsigned number from stdin. </para>
</listitem>
            <listitem><para>void <link linkend="_conway_8h_1ae098375d965c6fc2c275a913904adbac">advance_generation</link> (int world_to_advance[][<link linkend="_conway_8h_1a16d30947295d26898d1b13f10fb9b2ec">WORLD_WIDTH</link>])</para>

<para>Advances the current generation, analyzing the future state of all cells. </para>
</listitem>
            <listitem><para>void <link linkend="_conway_8h_1aa0d80137c67f1a8738fb48390dbf1b2c">print_world</link> (int world[][<link linkend="_conway_8h_1a16d30947295d26898d1b13f10fb9b2ec">WORLD_WIDTH</link>])</para>

<para>Prints the world state to stdout in a polished format. </para>
</listitem>
            <listitem><para>void <link linkend="_conway_8h_1a074462a8321d858de6373a66bbb74219">initialize_world</link> (int world[][<link linkend="_conway_8h_1a16d30947295d26898d1b13f10fb9b2ec">WORLD_WIDTH</link>])</para>

<para>Handles world initialization. Allows the user to select different input methods to customize the world to load. Includes instructions on how to manually load a world file. </para>
</listitem>
        </itemizedlist>
</simplesect>
<section>
<title>Detailed Description</title>

<para>Implements Conway&apos;s game of life. </para>

<para><informaltable frame='bottom'><tgroup cols='1'><colspec align='center'/><tbody><row><entry align='center'>
</entry></row></tbody></tgroup></informaltable>
</para>

<para><formalpara><title>Author</title>

<para>Grupo 7 </para>
</formalpara>
</para>
</section>
<section>
<title>Macro Definition Documentation</title>
<anchor xml:id="_conway_8h_1ad8beef706da0344be19d59438fcdab6d"/>    <section>
    <title>ALIVE</title>
<indexterm><primary>ALIVE</primary><secondary>conway.h</secondary></indexterm>
<indexterm><primary>conway.h</primary><secondary>ALIVE</secondary></indexterm>
<para><computeroutput>#define ALIVE   1</computeroutput></para><para>

<para>Valor interno de una celda viva. </para>
</para>
    </section><anchor xml:id="_conway_8h_1af389ca69162561df905b9ed23fa1b439"/>    <section>
    <title>ALIVE_CHAR</title>
<indexterm><primary>ALIVE_CHAR</primary><secondary>conway.h</secondary></indexterm>
<indexterm><primary>conway.h</primary><secondary>ALIVE_CHAR</secondary></indexterm>
<para><computeroutput>#define ALIVE_CHAR   &apos;*&apos;</computeroutput></para><para>

<para>Caracter que representa una celda viva. </para>
</para>
    </section><anchor xml:id="_conway_8h_1a3c8793c7acb4598d2ebcd8288f29ee69"/>    <section>
    <title>DEAD</title>
<indexterm><primary>DEAD</primary><secondary>conway.h</secondary></indexterm>
<indexterm><primary>conway.h</primary><secondary>DEAD</secondary></indexterm>
<para><computeroutput>#define DEAD   0</computeroutput></para><para>

<para>Valor interno de una celda muerta. </para>
</para>
    </section><anchor xml:id="_conway_8h_1a1e50cf7b88288775430bb0f360db5bf6"/>    <section>
    <title>DEAD_CHAR</title>
<indexterm><primary>DEAD_CHAR</primary><secondary>conway.h</secondary></indexterm>
<indexterm><primary>conway.h</primary><secondary>DEAD_CHAR</secondary></indexterm>
<para><computeroutput>#define DEAD_CHAR   &apos; &apos;</computeroutput></para><para>

<para>Caracter que representa una celda muerta. </para>
</para>
    </section><anchor xml:id="_conway_8h_1ae2fe5fdcfc827edaf0ec166503046852"/>    <section>
    <title>OUTSIDE_STATE</title>
<indexterm><primary>OUTSIDE_STATE</primary><secondary>conway.h</secondary></indexterm>
<indexterm><primary>conway.h</primary><secondary>OUTSIDE_STATE</secondary></indexterm>
<para><computeroutput>#define OUTSIDE_STATE   <link linkend="_conway_8h_1a3c8793c7acb4598d2ebcd8288f29ee69">DEAD</link></computeroutput></para><para>

<para>Estado de las celdas del borde externo. </para>
</para>
    </section><anchor xml:id="_conway_8h_1af68c3a5ad6ffce6c97fff154856a823d"/>    <section>
    <title>SEPARATOR</title>
<indexterm><primary>SEPARATOR</primary><secondary>conway.h</secondary></indexterm>
<indexterm><primary>conway.h</primary><secondary>SEPARATOR</secondary></indexterm>
<para><computeroutput>#define SEPARATOR   &apos;|&apos;</computeroutput></para><para>

<para>Separador de columnas. </para>
</para>
    </section><anchor xml:id="_conway_8h_1a7745e192058dc5174a4cbf59392603d4"/>    <section>
    <title>WORLD_HEIGHT</title>
<indexterm><primary>WORLD_HEIGHT</primary><secondary>conway.h</secondary></indexterm>
<indexterm><primary>conway.h</primary><secondary>WORLD_HEIGHT</secondary></indexterm>
<para><computeroutput>#define WORLD_HEIGHT   15</computeroutput></para><para>

<para>Altura del mundo. Número de filas. </para>
</para>
    </section><anchor xml:id="_conway_8h_1a16d30947295d26898d1b13f10fb9b2ec"/>    <section>
    <title>WORLD_WIDTH</title>
<indexterm><primary>WORLD_WIDTH</primary><secondary>conway.h</secondary></indexterm>
<indexterm><primary>conway.h</primary><secondary>WORLD_WIDTH</secondary></indexterm>
<para><computeroutput>#define WORLD_WIDTH   25</computeroutput></para><para>

<para>Ancho del mundo. Número de columnas. </para>
</para>
</section>
</section>
<section>
<title>Function Documentation</title>
<anchor xml:id="_conway_8h_1ae098375d965c6fc2c275a913904adbac"/>    <section>
    <title>advance_generation()</title>
<indexterm><primary>advance_generation</primary><secondary>conway.h</secondary></indexterm>
<indexterm><primary>conway.h</primary><secondary>advance_generation</secondary></indexterm>
<para><computeroutput>void advance_generation (int world_to_advance[][WORLD_WIDTH])</computeroutput></para><para>

<para>Advances the current generation, analyzing the future state of all cells. </para>
</para>

<para>
                <formalpara>
                    <title>
Parameters                    </title>
                    <para>
                    <table frame="all">
                        <tgroup cols="2" align="left" colsep="1" rowsep="1">
                        <colspec colwidth="1*"/>
                        <colspec colwidth="4*"/>
                        <tbody>
                            <row>
                                <entry>world_to_advance</entry>
                                <entry>
<para>world matrix where the current state is and the future state will be saved before returning.</para>
</entry>
                            </row>
                        </tbody>
                        </tgroup>
                    </table>
                    </para>
                </formalpara>
                <note><title>Note</title>

<para>This function implements John Conway&apos;s Game of Life rules<itemizedlist>
<listitem>
<para>A living cell with exactly two or three living neighbors stays alive</para>
</listitem><listitem>
<para>A dead cell with exactly three living neighbors becomes alive </para>
</listitem></itemizedlist>
</para>
</note>
</para>
    </section><anchor xml:id="_conway_8h_1a074462a8321d858de6373a66bbb74219"/>    <section>
    <title>initialize_world()</title>
<indexterm><primary>initialize_world</primary><secondary>conway.h</secondary></indexterm>
<indexterm><primary>conway.h</primary><secondary>initialize_world</secondary></indexterm>
<para><computeroutput>void initialize_world (int world[][WORLD_WIDTH])</computeroutput></para><para>

<para>Handles world initialization. Allows the user to select different input methods to customize the world to load. Includes instructions on how to manually load a world file. </para>
</para>

<para>
                <formalpara>
                    <title>
Parameters                    </title>
                    <para>
                    <table frame="all">
                        <tgroup cols="2" align="left" colsep="1" rowsep="1">
                        <colspec colwidth="1*"/>
                        <colspec colwidth="4*"/>
                        <tbody>
                            <row>
                                <entry>world</entry>
                                <entry>
<para>matrix where the initial world state is saved. </para>
</entry>
                            </row>
                        </tbody>
                        </tgroup>
                    </table>
                    </para>
                </formalpara>
                </para>
    </section><anchor xml:id="_conway_8h_1aa0d80137c67f1a8738fb48390dbf1b2c"/>    <section>
    <title>print_world()</title>
<indexterm><primary>print_world</primary><secondary>conway.h</secondary></indexterm>
<indexterm><primary>conway.h</primary><secondary>print_world</secondary></indexterm>
<para><computeroutput>void print_world (int world[][WORLD_WIDTH])</computeroutput></para><para>

<para>Prints the world state to stdout in a polished format. </para>
</para>

<para>
                <formalpara>
                    <title>
Parameters                    </title>
                    <para>
                    <table frame="all">
                        <tgroup cols="2" align="left" colsep="1" rowsep="1">
                        <colspec colwidth="1*"/>
                        <colspec colwidth="4*"/>
                        <tbody>
                            <row>
                                <entry>world</entry>
                                <entry>
<para>world to print to stdout </para>
</entry>
                            </row>
                        </tbody>
                        </tgroup>
                    </table>
                    </para>
                </formalpara>
                </para>
    </section><anchor xml:id="_conway_8h_1a01e6a6d0941ab0d3c7f5888f9c86ca8a"/>    <section>
    <title>read_generations()</title>
<indexterm><primary>read_generations</primary><secondary>conway.h</secondary></indexterm>
<indexterm><primary>conway.h</primary><secondary>read_generations</secondary></indexterm>
<para><computeroutput>int read_generations (void )</computeroutput></para><para>

<para>Reads an unsigned number from stdin. </para>
</para>

<para><formalpara><title>Returns</title>

<para>1 if the first char is &apos;\n&apos;, -1 if it&apos;s &apos;q&apos;, the input number if it&apos;s valid, 0 otherwise. </para>
</formalpara>
</para>
</section>
</section>
</section>
